class_id,class_name,pixel_count,percentage,max_probability,mean_probability
0,unlabeled,0,0.0,0.02132856473326683,0.0018425473244860768
1,paved-area,4100679,54.00071111111111,0.9952593445777893,0.5079075694084167
2,dirt,18555,0.2443456790123457,0.26157623529434204,0.019030120223760605
3,grass,260600,3.431769547325103,0.7994534969329834,0.04995279386639595
4,gravel,943455,12.424098765432099,0.9715104699134827,0.09224312752485275
5,water,830004,10.930093827160494,0.8875349164009094,0.07111438363790512
6,rocks,0,0.0,0.06331102550029755,0.006285493262112141
7,pool,0,0.0,0.04182776063680649,0.0037405795883387327
8,vegetation,246362,3.2442732510288064,0.7875933051109314,0.039025869220495224
9,roof,731448,9.632237037037036,0.9704261422157288,0.09223368763923645
10,wall,86640,1.1409382716049383,0.44828149676322937,0.020394667983055115
11,window,0,0.0,0.06743724644184113,0.004194415174424648
12,door,0,0.0,0.017089148983359337,0.00157924962695688
13,fence,0,0.0,0.05429535359144211,0.006205138750374317
14,fence-pole,0,0.0,0.01812676340341568,0.001328646088950336
15,person,1718,0.0226238683127572,0.26462987065315247,0.00561531214043498
16,dog,0,0.0,0.015253026969730854,0.0011077909730374813
17,car,22116,0.2912395061728395,0.5182685852050781,0.006300038658082485
18,bicycle,0,0.0,0.029754159972071648,0.0019263459835201502
19,tree,187492,2.469030452674897,0.7486948370933533,0.026839852333068848
20,bald-tree,43892,0.578001646090535,0.268177330493927,0.012488535605370998
21,ar-marker,0,0.0,0.026013895869255066,0.002133822301402688
22,obstacle,120789,1.590637037037037,0.5732177495956421,0.02513410896062851
23,conflicting,0,0.0,0.01786975935101509,0.0013758736895397305
