region_id,rejection_reasons,area_px,bbox_x,bbox_y,bbox_width,bbox_height,mean_risk,confidence_score,max_inscribed_radius_px,details
hazard_1,hazard_overlap,76487,958,0,2417,498,0.9499998688697815,0.4559982419013977,0.0,Safe-class pixels rejected because of hazard_overlap
hazard_2,hazard_overlap,2007,3296,0,79,109,0.9499998688697815,0.5910052061080933,0.0,Safe-class pixels rejected because of hazard_overlap
hazard_3,hazard_overlap,4472,155,35,100,116,0.9499998688697815,0.5098510384559631,0.0,Safe-class pixels rejected because of hazard_overlap
hazard_4,hazard_overlap,15266,0,102,273,606,0.9499998092651367,0.5004466772079468,0.0,Safe-class pixels rejected because of hazard_overlap
hazard_5,hazard_overlap,892,1859,177,50,30,0.9499998688697815,0.46498507261276245,0.0,Safe-class pixels rejected because of hazard_overlap
hazard_6,hazard_overlap,3143,0,183,87,83,0.9499998688697815,0.31103089451789856,0.0,Safe-class pixels rejected because of hazard_overlap
hazard_7,hazard_overlap,695,3167,183,82,15,0.9499998092651367,0.25790080428123474,0.0,Safe-class pixels rejected because of hazard_overlap
hazard_8,hazard_overlap,2,3137,311,1,2,0.949999988079071,0.275473952293396,0.0,Safe-class pixels rejected because of hazard_overlap
hazard_9,hazard_overlap,810,2835,322,33,32,0.9499998688697815,0.6660067439079285,0.0,Safe-class pixels rejected because of hazard_overlap
hazard_10,hazard_overlap,15770,1068,361,252,278,0.9499998688697815,0.5482040047645569,0.0,Safe-class pixels rejected because of hazard_overlap
hazard_11,hazard_overlap,1434,2828,378,40,47,0.9499998688697815,0.5443904995918274,0.0,Safe-class pixels rejected because of hazard_overlap
hazard_12,hazard_overlap,14821,2302,383,324,178,0.9499998688697815,0.37055307626724243,0.0,Safe-class pixels rejected because of hazard_overlap
hazard_13,hazard_overlap,12236,1948,457,329,91,0.9499998688697815,0.37862688302993774,0.0,Safe-class pixels rejected because of hazard_overlap
hazard_14,hazard_overlap,80,2024,492,23,6,0.9499999284744263,0.2946236729621887,0.0,Safe-class pixels rejected because of hazard_overlap
hazard_15,hazard_overlap,21012,1668,532,606,142,0.9499999284744263,0.3945026993751526,0.0,Safe-class pixels rejected because of hazard_overlap
hazard_16,hazard_overlap,1456,1363,595,46,46,0.949999988079071,0.4435998201370239,0.0,Safe-class pixels rejected because of hazard_overlap
hazard_17,hazard_overlap,845,1011,605,34,33,0.9499998688697815,0.4957745671272278,0.0,Safe-class pixels rejected because of hazard_overlap
hazard_18,hazard_overlap,10054,2507,621,174,239,0.9499998688697815,0.47342756390571594,0.0,Safe-class pixels rejected because of hazard_overlap
hazard_19,hazard_overlap,1329,1622,633,40,47,0.9499998688697815,0.47613829374313354,0.0,Safe-class pixels rejected because of hazard_overlap
hazard_20,hazard_overlap,1003,1429,685,36,37,0.9499999284744263,0.5240088105201721,0.0,Safe-class pixels rejected because of hazard_overlap
hazard_21,hazard_overlap,274482,0,721,597,705,0.9500002861022949,0.42449069023132324,0.0,Safe-class pixels rejected because of hazard_overlap
hazard_22,hazard_overlap,16930,2966,738,409,390,0.9499998688697815,0.46824321150779724,0.0,Safe-class pixels rejected because of hazard_overlap
hazard_23,hazard_overlap,7207,1487,799,151,186,0.9499998688697815,0.5729541778564453,0.0,Safe-class pixels rejected because of hazard_overlap
hazard_24,hazard_overlap,927,2660,913,36,33,0.9499998688697815,0.4614693224430084,0.0,Safe-class pixels rejected because of hazard_overlap
hazard_25,hazard_overlap,119,304,918,18,10,0.9499996900558472,0.14864027500152588,0.0,Safe-class pixels rejected because of hazard_overlap
hazard_26,hazard_overlap,1040,2607,924,40,35,0.9499998688697815,0.323565274477005,0.0,Safe-class pixels rejected because of hazard_overlap
hazard_27,hazard_overlap,53,277,950,20,6,0.9500000476837158,0.12207897752523422,0.0,Safe-class pixels rejected because of hazard_overlap
hazard_28,hazard_overlap,103,278,961,15,10,0.9499996900558472,0.20593003928661346,0.0,Safe-class pixels rejected because of hazard_overlap
hazard_29,hazard_overlap,156830,1278,968,1442,1282,0.949999988079071,0.3873472809791565,0.0,Safe-class pixels rejected because of hazard_overlap
hazard_30,hazard_overlap,2,333,984,1,2,0.949999988079071,0.24410001933574677,0.0,Safe-class pixels rejected because of hazard_overlap
hazard_31,hazard_overlap,110,309,988,23,8,0.9499997496604919,0.14435501396656036,0.0,Safe-class pixels rejected because of hazard_overlap
hazard_32,hazard_overlap,1,333,996,1,1,0.949999988079071,0.10831496119499207,0.0,Safe-class pixels rejected because of hazard_overlap
hazard_33,hazard_overlap,2629,1568,1036,73,67,0.9499999284744263,0.5080191493034363,0.0,Safe-class pixels rejected because of hazard_overlap
hazard_34,hazard_overlap,15,2485,1049,6,4,0.9499999284744263,0.21774929761886597,0.0,Safe-class pixels rejected because of hazard_overlap
hazard_35,hazard_overlap,860,1747,1084,33,34,0.9499998688697815,0.5218408703804016,0.0,Safe-class pixels rejected because of hazard_overlap
hazard_36,hazard_overlap,1754,1218,1163,54,51,0.9499998688697815,0.3514496982097626,0.0,Safe-class pixels rejected because of hazard_overlap
hazard_37,hazard_overlap,2752,1139,1246,74,74,0.9499998688697815,0.494946151971817,0.0,Safe-class pixels rejected because of hazard_overlap
hazard_38,hazard_overlap,29782,947,1288,315,204,0.9499998688697815,0.3358733355998993,0.0,Safe-class pixels rejected because of hazard_overlap
hazard_39,hazard_overlap,729,1262,1326,31,31,0.9499999284744263,0.3595340847969055,0.0,Safe-class pixels rejected because of hazard_overlap
hazard_40,hazard_overlap,11037,1854,1351,139,155,0.9499998688697815,0.25467896461486816,0.0,Safe-class pixels rejected because of hazard_overlap
hazard_41,hazard_overlap,1019,1717,1354,32,58,0.9499998688697815,0.21527081727981567,0.0,Safe-class pixels rejected because of hazard_overlap
hazard_42,hazard_overlap,16,1964,1358,4,6,0.949999988079071,0.2939906716346741,0.0,Safe-class pixels rejected because of hazard_overlap
hazard_43,hazard_overlap,6,1970,1365,2,4,0.949999988079071,0.30008360743522644,0.0,Safe-class pixels rejected because of hazard_overlap
hazard_44,hazard_overlap,103,1964,1378,13,14,0.9499996900558472,0.30798763036727905,0.0,Safe-class pixels rejected because of hazard_overlap
hazard_45,hazard_overlap,1624,1221,1404,42,55,0.9499998688697815,0.3198366165161133,0.0,Safe-class pixels rejected because of hazard_overlap
hazard_46,hazard_overlap,1554,684,1406,54,42,0.9499998688697815,0.46044960618019104,0.0,Safe-class pixels rejected because of hazard_overlap
hazard_47,hazard_overlap,18596,0,1409,426,193,0.9499998688697815,0.44596073031425476,0.0,Safe-class pixels rejected because of hazard_overlap
hazard_48,hazard_overlap,779,749,1410,32,32,0.9499999284744263,0.3824256956577301,0.0,Safe-class pixels rejected because of hazard_overlap
hazard_49,hazard_overlap,12248,1188,1470,206,251,0.9499998092651367,0.40174710750579834,0.0,Safe-class pixels rejected because of hazard_overlap
hazard_50,hazard_overlap,1525,184,1517,50,44,0.9499998688697815,0.39337095618247986,0.0,Safe-class pixels rejected because of hazard_overlap
hazard_51,hazard_overlap,1607,248,1527,54,37,0.9499998688697815,0.40859299898147583,0.0,Safe-class pixels rejected because of hazard_overlap
hazard_52,hazard_overlap,70,111,1551,22,5,0.9499998688697815,0.35686710476875305,0.0,Safe-class pixels rejected because of hazard_overlap
hazard_53,hazard_overlap,1061,0,1558,62,26,0.9499998092651367,0.40280431509017944,0.0,Safe-class pixels rejected because of hazard_overlap
hazard_54,hazard_overlap,2099,3044,1599,51,67,0.9499998688697815,0.777986466884613,0.0,Safe-class pixels rejected because of hazard_overlap
hazard_55,hazard_overlap,3612,655,1611,98,88,0.9499998092651367,0.5159761905670166,0.0,Safe-class pixels rejected because of hazard_overlap
hazard_56,hazard_overlap,1871,756,1617,60,51,0.9499998688697815,0.572322428226471,0.0,Safe-class pixels rejected because of hazard_overlap
hazard_57,hazard_overlap,2076,401,1632,52,50,0.9499998688697815,0.62753826379776,0.0,Safe-class pixels rejected because of hazard_overlap
hazard_58,hazard_overlap,1415,89,1649,48,40,0.9499998092651367,0.5965635776519775,0.0,Safe-class pixels rejected because of hazard_overlap
hazard_59,hazard_overlap,28706,0,1655,296,214,0.9499999284744263,0.4355732202529907,0.0,Safe-class pixels rejected because of hazard_overlap
hazard_60,hazard_overlap,1754,285,1655,52,54,0.9499998688697815,0.4950661063194275,0.0,Safe-class pixels rejected because of hazard_overlap
hazard_61,hazard_overlap,11034,2145,1686,146,161,0.9499998688697815,0.20015035569667816,0.0,Safe-class pixels rejected because of hazard_overlap
hazard_62,hazard_overlap,7023,1724,1701,151,120,0.9499998688697815,0.2119259536266327,0.0,Safe-class pixels rejected because of hazard_overlap
hazard_63,hazard_overlap,69,2243,1708,13,22,0.9499999284744263,0.17477402091026306,0.0,Safe-class pixels rejected because of hazard_overlap
hazard_64,hazard_overlap,38,2460,1737,5,12,0.9500000476837158,0.1500847041606903,0.0,Safe-class pixels rejected because of hazard_overlap
hazard_65,hazard_overlap,14,0,1781,9,3,0.9499999284744263,0.2849448025226593,0.0,Safe-class pixels rejected because of hazard_overlap
hazard_66,hazard_overlap,475,1463,1795,25,27,0.9499998688697815,0.1565294861793518,0.0,Safe-class pixels rejected because of hazard_overlap
hazard_67,hazard_overlap,2,2349,1799,1,2,0.949999988079071,0.200358584523201,0.0,Safe-class pixels rejected because of hazard_overlap
hazard_68,hazard_overlap,21788,1630,1817,365,163,0.9499998688697815,0.39192184805870056,0.0,Safe-class pixels rejected because of hazard_overlap
hazard_69,hazard_overlap,28,2346,1832,6,8,0.9500001072883606,0.20292975008487701,0.0,Safe-class pixels rejected because of hazard_overlap
hazard_70,hazard_overlap,14,1682,1836,8,3,0.9499999284744263,0.12843725085258484,0.0,Safe-class pixels rejected because of hazard_overlap
hazard_71,hazard_overlap,400,1649,1842,26,27,0.9499998688697815,0.16234514117240906,0.0,Safe-class pixels rejected because of hazard_overlap
hazard_72,hazard_overlap,9,2219,1851,4,9,0.9500000476837158,0.19502471387386322,0.0,Safe-class pixels rejected because of hazard_overlap
hazard_73,hazard_overlap,611,2327,1851,24,42,0.9499999284744263,0.21443818509578705,0.0,Safe-class pixels rejected because of hazard_overlap
hazard_74,hazard_overlap,5,1981,1921,4,2,0.949999988079071,0.40563201904296875,0.0,Safe-class pixels rejected because of hazard_overlap
hazard_75,hazard_overlap,7,2011,1937,3,3,0.9499999284744263,0.450151652097702,0.0,Safe-class pixels rejected because of hazard_overlap
hazard_76,hazard_overlap,2,1735,1964,2,1,0.949999988079071,0.40526282787323,0.0,Safe-class pixels rejected because of hazard_overlap
hazard_77,hazard_overlap,49,1591,1988,8,9,0.949999988079071,0.3113662898540497,0.0,Safe-class pixels rejected because of hazard_overlap
hazard_78,hazard_overlap,3134,1209,1992,62,78,0.9499999284744263,0.42520037293434143,0.0,Safe-class pixels rejected because of hazard_overlap
hazard_79,hazard_overlap,4,1767,1995,2,3,0.949999988079071,0.3927866220474243,0.0,Safe-class pixels rejected because of hazard_overlap
hazard_80,hazard_overlap,39,1726,2005,8,7,0.9500001072883606,0.38371098041534424,0.0,Safe-class pixels rejected because of hazard_overlap
hazard_81,hazard_overlap,588,1713,2014,34,39,0.949999988079071,0.37776273488998413,0.0,Safe-class pixels rejected because of hazard_overlap
hazard_82,hazard_overlap,18,1757,2018,3,6,0.9500000476837158,0.3721388876438141,0.0,Safe-class pixels rejected because of hazard_overlap
hazard_83,hazard_overlap,4,1703,2028,2,2,0.949999988079071,0.368649959564209,0.0,Safe-class pixels rejected because of hazard_overlap
hazard_84,hazard_overlap,123,1750,2037,10,24,0.9499998092651367,0.3762017488479614,0.0,Safe-class pixels rejected because of hazard_overlap
hazard_85,hazard_overlap,97,1725,2064,18,18,0.9499998688697815,0.37062034010887146,0.0,Safe-class pixels rejected because of hazard_overlap
hazard_86,hazard_overlap,19,1680,2069,5,6,0.9500000476837158,0.3795870840549469,0.0,Safe-class pixels rejected because of hazard_overlap
hazard_87,hazard_overlap,5,1619,2071,5,1,0.949999988079071,0.38367125391960144,0.0,Safe-class pixels rejected because of hazard_overlap
hazard_88,hazard_overlap,6333,1874,2070,60,180,0.9499998688697815,0.4832949638366699,0.0,Safe-class pixels rejected because of hazard_overlap
hazard_89,hazard_overlap,3,1596,2076,2,2,0.949999988079071,0.37035155296325684,0.0,Safe-class pixels rejected because of hazard_overlap
hazard_90,hazard_overlap,347,1735,2079,21,32,0.9499998688697815,0.38266897201538086,0.0,Safe-class pixels rejected because of hazard_overlap
hazard_91,hazard_overlap,4,1682,2081,2,3,0.949999988079071,0.369864821434021,0.0,Safe-class pixels rejected because of hazard_overlap
hazard_92,hazard_overlap,1657,1205,2082,42,56,0.9499999284744263,0.4611867666244507,0.0,Safe-class pixels rejected because of hazard_overlap
hazard_93,hazard_overlap,622,1675,2086,55,48,0.9499999284744263,0.3752148151397705,0.0,Safe-class pixels rejected because of hazard_overlap
hazard_94,hazard_overlap,1,1629,2093,1,1,0.949999988079071,0.3623407781124115,0.0,Safe-class pixels rejected because of hazard_overlap
hazard_95,hazard_overlap,19,1686,2095,4,7,0.9500000476837158,0.3707585036754608,0.0,Safe-class pixels rejected because of hazard_overlap
hazard_96,hazard_overlap,54,1637,2096,8,9,0.9500000476837158,0.37423187494277954,0.0,Safe-class pixels rejected because of hazard_overlap
hazard_97,hazard_overlap,49,1647,2100,10,6,0.949999988079071,0.3615056574344635,0.0,Safe-class pixels rejected because of hazard_overlap
hazard_98,hazard_overlap,23,2335,2101,6,6,0.9500001668930054,0.20630446076393127,0.0,Safe-class pixels rejected because of hazard_overlap
hazard_99,hazard_overlap,15387,0,2112,426,138,0.9499998688697815,0.3410542607307434,0.0,Safe-class pixels rejected because of hazard_overlap
hazard_100,hazard_overlap,2,1634,2113,1,2,0.949999988079071,0.3565364181995392,0.0,Safe-class pixels rejected because of hazard_overlap
hazard_101,hazard_overlap,17,1671,2113,7,3,0.949999988079071,0.3598191738128662,0.0,Safe-class pixels rejected because of hazard_overlap
hazard_102,hazard_overlap,2,1746,2113,1,2,0.949999988079071,0.3604559302330017,0.0,Safe-class pixels rejected because of hazard_overlap
hazard_103,hazard_overlap,2084,2323,2117,63,59,0.9499999284744263,0.22327840328216553,0.0,Safe-class pixels rejected because of hazard_overlap
hazard_104,hazard_overlap,61,1723,2122,9,10,0.949999988079071,0.36699023842811584,0.0,Safe-class pixels rejected because of hazard_overlap
hazard_105,hazard_overlap,22,1717,2132,5,7,0.9500001668930054,0.37509164214134216,0.0,Safe-class pixels rejected because of hazard_overlap
hazard_106,hazard_overlap,7,1697,2134,3,3,0.9499999284744263,0.3675394356250763,0.0,Safe-class pixels rejected because of hazard_overlap
hazard_107,hazard_overlap,158,2065,2135,15,16,0.9499998688697815,0.39247390627861023,0.0,Safe-class pixels rejected because of hazard_overlap
hazard_108,hazard_overlap,72,1670,2142,11,8,0.9499999284744263,0.36567097902297974,0.0,Safe-class pixels rejected because of hazard_overlap
hazard_109,hazard_overlap,42,1733,2144,7,9,0.9500000476837158,0.3791668117046356,0.0,Safe-class pixels rejected because of hazard_overlap
hazard_110,hazard_overlap,223,0,2147,14,19,0.9499997496604919,0.2594749927520752,0.0,Safe-class pixels rejected because of hazard_overlap
hazard_111,hazard_overlap,19,1708,2149,6,5,0.9500000476837158,0.37107235193252563,0.0,Safe-class pixels rejected because of hazard_overlap
hazard_112,hazard_overlap,111,2065,2152,9,17,0.9499996900558472,0.3677689731121063,0.0,Safe-class pixels rejected because of hazard_overlap
hazard_113,hazard_overlap,1611,1332,2167,41,51,0.9499998092651367,0.5559274554252625,0.0,Safe-class pixels rejected because of hazard_overlap
hazard_114,hazard_overlap,10057,1633,2168,179,82,0.9499998688697815,0.365058958530426,0.0,Safe-class pixels rejected because of hazard_overlap
hazard_115,hazard_overlap,4430,2000,2176,80,74,0.9499998092651367,0.42716389894485474,0.0,Safe-class pixels rejected because of hazard_overlap
hazard_116,hazard_overlap,5,1836,2214,3,3,0.949999988079071,0.4232719838619232,0.0,Safe-class pixels rejected because of hazard_overlap
hazard_117,hazard_overlap,2072,2287,2216,79,34,0.9499998688697815,0.20856702327728271,0.0,Safe-class pixels rejected because of hazard_overlap
hazard_118,hazard_overlap,11,1841,2219,3,5,0.949999988079071,0.42060258984565735,0.0,Safe-class pixels rejected because of hazard_overlap
hazard_119,hazard_overlap,5,1863,2229,2,3,0.949999988079071,0.4061635434627533,0.0,Safe-class pixels rejected because of hazard_overlap
hazard_120,hazard_overlap,32,216,2233,7,7,0.949999988079071,0.15445977449417114,0.0,Safe-class pixels rejected because of hazard_overlap
hazard_121,hazard_overlap,130,1590,2235,12,15,0.9499999284744263,0.3805833160877228,0.0,Safe-class pixels rejected because of hazard_overlap
hazard_122,hazard_overlap,2,1623,2236,2,1,0.949999988079071,0.36922597885131836,0.0,Safe-class pixels rejected because of hazard_overlap
hazard_123,hazard_overlap,29,217,2245,6,5,0.9500001072883606,0.15922081470489502,0.0,Safe-class pixels rejected because of hazard_overlap
hazard_124,hazard_overlap,14,1830,2246,4,4,0.9499999284744263,0.43273013830184937,0.0,Safe-class pixels rejected because of hazard_overlap
risk_1,too_high_risk,19,957,0,2,13,0.4568870961666107,0.774736762046814,0.0,Safe-class pixels rejected because of too_high_risk
risk_2,too_high_risk,401,955,14,15,181,0.4596916139125824,0.7325320243835449,0.0,Safe-class pixels rejected because of too_high_risk
risk_3,too_high_risk,326,165,33,63,23,0.4685329496860504,0.5672886371612549,0.0,Safe-class pixels rejected because of too_high_risk
risk_4,too_high_risk,1,228,57,1,1,0.45003217458724976,0.8102837204933167,0.0,Safe-class pixels rejected because of too_high_risk
risk_5,too_high_risk,7,233,67,4,7,0.4513249397277832,0.7939724922180176,0.0,Safe-class pixels rejected because of too_high_risk
risk_6,too_high_risk,93,245,88,19,20,0.46758392453193665,0.5650455355644226,0.0,Safe-class pixels rejected because of too_high_risk
risk_7,too_high_risk,3020,3173,200,202,272,0.47260743379592896,0.5744190216064453,0.0,Safe-class pixels rejected because of too_high_risk
risk_8,too_high_risk,610,971,207,14,133,0.47370466589927673,0.5562359690666199,0.0,Safe-class pixels rejected because of too_high_risk
risk_9,too_high_risk,608,3050,218,63,78,0.4672873020172119,0.6212056875228882,0.0,Safe-class pixels rejected because of too_high_risk
risk_10,too_high_risk,14,2825,238,14,2,0.4519333839416504,0.8048819899559021,0.0,Safe-class pixels rejected because of too_high_risk
risk_11,too_high_risk,14,2841,238,14,2,0.45175811648368835,0.8025175929069519,0.0,Safe-class pixels rejected because of too_high_risk
risk_12,too_high_risk,1,2857,239,1,1,0.4500011205673218,0.8110626935958862,0.0,Safe-class pixels rejected because of too_high_risk
risk_13,too_high_risk,3,2863,241,3,1,0.45048341155052185,0.8035216331481934,0.0,Safe-class pixels rejected because of too_high_risk
risk_14,too_high_risk,62,2793,243,10,30,0.4586656987667084,0.7641748189926147,0.0,Safe-class pixels rejected because of too_high_risk
risk_15,too_high_risk,2,2767,245,2,1,0.45222821831703186,0.7975015640258789,0.0,Safe-class pixels rejected because of too_high_risk
risk_16,too_high_risk,5,2873,257,4,5,0.45068779587745667,0.8010674715042114,0.0,Safe-class pixels rejected because of too_high_risk
risk_17,too_high_risk,3,2882,267,3,3,0.4501922130584717,0.8013434410095215,0.0,Safe-class pixels rejected because of too_high_risk
risk_18,too_high_risk,155,2894,275,10,38,0.46600908041000366,0.5771105289459229,0.0,Safe-class pixels rejected because of too_high_risk
risk_19,too_high_risk,5048,1503,292,1227,147,0.4644598364830017,0.6686998009681702,0.0,Safe-class pixels rejected because of too_high_risk
risk_20,too_high_risk,461,2753,303,65,51,0.4605943262577057,0.7097010612487793,0.0,Safe-class pixels rejected because of too_high_risk
risk_21,too_high_risk,559,2830,315,41,45,0.4635765850543976,0.6825759410858154,0.0,Safe-class pixels rejected because of too_high_risk
risk_22,too_high_risk,3,1101,337,3,1,0.45037707686424255,0.8114612698554993,0.0,Safe-class pixels rejected because of too_high_risk
risk_23,too_high_risk,42,1118,338,11,8,0.46444615721702576,0.581139087677002,0.0,Safe-class pixels rejected because of too_high_risk
risk_24,too_high_risk,182,1067,362,63,54,0.4588660001754761,0.7214943766593933,0.0,Safe-class pixels rejected because of too_high_risk
risk_25,too_high_risk,288,2830,374,50,35,0.4657769203186035,0.6403733491897583,0.0,Safe-class pixels rejected because of too_high_risk
risk_26,too_high_risk,984,3004,378,69,112,0.4724158048629761,0.5419130921363831,0.0,Safe-class pixels rejected because of too_high_risk
risk_27,too_high_risk,2800,2446,381,201,74,0.4841609001159668,0.4247102439403534,0.0,Safe-class pixels rejected because of too_high_risk
risk_28,too_high_risk,86,2818,398,11,18,0.46865954995155334,0.5575962662696838,0.0,Safe-class pixels rejected because of too_high_risk
risk_29,too_high_risk,399,1368,412,72,27,0.46933114528656006,0.49902087450027466,0.0,Safe-class pixels rejected because of too_high_risk
risk_30,too_high_risk,658,1293,416,20,96,0.47653746604919434,0.5733043551445007,0.0,Safe-class pixels rejected because of too_high_risk
risk_31,too_high_risk,36,1081,441,4,35,0.4530062675476074,0.798802375793457,0.0,Safe-class pixels rejected because of too_high_risk
risk_32,too_high_risk,1,1440,440,1,1,0.45010778307914734,0.3830316662788391,0.0,Safe-class pixels rejected because of too_high_risk
risk_33,too_high_risk,167,1448,447,42,6,0.46852824091911316,0.44199150800704956,0.0,Safe-class pixels rejected because of too_high_risk
risk_34,too_high_risk,3082,1932,451,365,90,0.474778413772583,0.519839346408844,0.0,Safe-class pixels rejected because of too_high_risk
risk_35,too_high_risk,83,1245,556,25,25,0.4584202170372009,0.7606063485145569,0.0,Safe-class pixels rejected because of too_high_risk
risk_36,too_high_risk,828,1191,587,139,54,0.46686455607414246,0.6286522150039673,0.0,Safe-class pixels rejected because of too_high_risk
risk_37,too_high_risk,952,1347,591,65,57,0.47103914618492126,0.5970522165298462,0.0,Safe-class pixels rejected because of too_high_risk
risk_38,too_high_risk,404,1012,596,35,56,0.47443103790283203,0.48083189129829407,0.0,Safe-class pixels rejected because of too_high_risk
risk_39,too_high_risk,8,3047,770,4,3,0.4549925923347473,0.22516322135925293,0.0,Safe-class pixels rejected because of too_high_risk
risk_40,too_high_risk,3553,0,792,189,121,0.48071619868278503,0.42908284068107605,0.0,Safe-class pixels rejected because of too_high_risk
risk_41,too_high_risk,103,391,882,10,21,0.4951363205909729,0.35614505410194397,0.0,Safe-class pixels rejected because of too_high_risk
risk_42,too_high_risk,1006,2946,938,47,84,0.480938583612442,0.460284948348999,0.0,Safe-class pixels rejected because of too_high_risk
risk_43,too_high_risk,286,2715,974,19,32,0.4777611196041107,0.4555293917655945,0.0,Safe-class pixels rejected because of too_high_risk
risk_44,too_high_risk,108,1782,1133,16,19,0.4663161039352417,0.5805507302284241,0.0,Safe-class pixels rejected because of too_high_risk
risk_45,too_high_risk,61,1727,1137,9,15,0.46654871106147766,0.5718757510185242,0.0,Safe-class pixels rejected because of too_high_risk
risk_46,too_high_risk,73,1425,1151,12,12,0.4710712730884552,0.4374948740005493,0.0,Safe-class pixels rejected because of too_high_risk
risk_47,too_high_risk,65,1742,1160,32,16,0.4567127525806427,0.7667182087898254,0.0,Safe-class pixels rejected because of too_high_risk
risk_48,too_high_risk,23,1405,1182,7,9,0.45698249340057373,0.6244505643844604,0.0,Safe-class pixels rejected because of too_high_risk
risk_49,too_high_risk,154,1365,1212,21,29,0.4661177098751068,0.6022369265556335,0.0,Safe-class pixels rejected because of too_high_risk
risk_50,too_high_risk,5794,1159,1248,203,208,0.48041945695877075,0.4209381341934204,0.0,Safe-class pixels rejected because of too_high_risk
risk_51,too_high_risk,789,237,1289,74,85,0.47216796875,0.4863927662372589,0.0,Safe-class pixels rejected because of too_high_risk
risk_52,too_high_risk,494,549,1344,51,38,0.46388301253318787,0.5485401153564453,0.0,Safe-class pixels rejected because of too_high_risk
risk_53,too_high_risk,5,409,1357,5,2,0.45013627409935,0.7974134087562561,0.0,Safe-class pixels rejected because of too_high_risk
risk_54,too_high_risk,860,0,1359,222,33,0.4591161012649536,0.7025110721588135,0.0,Safe-class pixels rejected because of too_high_risk
risk_55,too_high_risk,595,403,1359,69,60,0.47077104449272156,0.5964755415916443,0.0,Safe-class pixels rejected because of too_high_risk
risk_56,too_high_risk,75,493,1390,16,11,0.5023444890975952,0.40156280994415283,0.0,Safe-class pixels rejected because of too_high_risk
risk_57,too_high_risk,1,1316,1396,1,1,0.45021530985832214,0.2203865796327591,0.0,Safe-class pixels rejected because of too_high_risk
risk_58,too_high_risk,440,250,1405,148,30,0.45862093567848206,0.7024090886116028,0.0,Safe-class pixels rejected because of too_high_risk
risk_59,too_high_risk,3,399,1411,3,1,0.4513723850250244,0.7842786908149719,0.0,Safe-class pixels rejected because of too_high_risk
risk_60,too_high_risk,552,1301,1415,28,30,0.48607391119003296,0.2481105625629425,0.0,Safe-class pixels rejected because of too_high_risk
risk_61,too_high_risk,1289,1212,1423,70,89,0.4897409677505493,0.37024369835853577,0.0,Safe-class pixels rejected because of too_high_risk
risk_62,too_high_risk,8,229,1438,8,5,0.4513850808143616,0.7737728953361511,0.0,Safe-class pixels rejected because of too_high_risk
risk_63,too_high_risk,334,1107,1447,48,21,0.46995946764945984,0.5011579990386963,0.0,Safe-class pixels rejected because of too_high_risk
risk_64,too_high_risk,1657,0,1453,189,81,0.4721653163433075,0.5089496374130249,0.0,Safe-class pixels rejected because of too_high_risk
risk_65,too_high_risk,379,1057,1464,49,24,0.4650678038597107,0.4004577696323395,0.0,Safe-class pixels rejected because of too_high_risk
risk_66,too_high_risk,25,1026,1484,14,3,0.4587286412715912,0.38494953513145447,0.0,Safe-class pixels rejected because of too_high_risk
risk_67,too_high_risk,8,1641,1488,3,6,0.4752919375896454,0.6581976413726807,0.0,Safe-class pixels rejected because of too_high_risk
risk_68,too_high_risk,3868,1173,1512,104,226,0.47850659489631653,0.44547414779663086,0.0,Safe-class pixels rejected because of too_high_risk
risk_69,too_high_risk,952,1522,1512,95,84,0.4727639853954315,0.581358015537262,0.0,Safe-class pixels rejected because of too_high_risk
risk_70,too_high_risk,2,1540,1521,2,1,0.45269498229026794,0.7839364409446716,0.0,Safe-class pixels rejected because of too_high_risk
risk_71,too_high_risk,1,1544,1522,1,1,0.45071059465408325,0.7956103682518005,0.0,Safe-class pixels rejected because of too_high_risk
risk_72,too_high_risk,7,1546,1523,7,2,0.45147639513015747,0.7895480990409851,0.0,Safe-class pixels rejected because of too_high_risk
risk_73,too_high_risk,5528,1359,1531,170,168,0.47401899099349976,0.49005624651908875,0.0,Safe-class pixels rejected because of too_high_risk
risk_74,too_high_risk,183,231,1538,23,20,0.4847559332847595,0.4806244671344757,0.0,Safe-class pixels rejected because of too_high_risk
risk_75,too_high_risk,654,18,1543,186,61,0.4625152349472046,0.6737084984779358,0.0,Safe-class pixels rejected because of too_high_risk
risk_76,too_high_risk,199,276,1555,40,11,0.4795856177806854,0.4303152859210968,0.0,Safe-class pixels rejected because of too_high_risk
risk_77,too_high_risk,2539,1455,1596,124,149,0.48191726207733154,0.4522906541824341,0.0,Safe-class pixels rejected because of too_high_risk
risk_78,too_high_risk,998,397,1629,67,63,0.46634942293167114,0.6120891571044922,0.0,Safe-class pixels rejected because of too_high_risk
risk_79,too_high_risk,1071,81,1645,64,54,0.46529698371887207,0.6070337295532227,0.0,Safe-class pixels rejected because of too_high_risk
risk_80,too_high_risk,1168,278,1651,67,65,0.4676167070865631,0.5879532694816589,0.0,Safe-class pixels rejected because of too_high_risk
risk_81,too_high_risk,6704,0,1653,312,203,0.4753507673740387,0.47633442282676697,0.0,Safe-class pixels rejected because of too_high_risk
risk_82,too_high_risk,2478,1270,1751,74,248,0.4787592589855194,0.46487635374069214,0.0,Safe-class pixels rejected because of too_high_risk
risk_83,too_high_risk,4,37,1752,2,2,0.48335152864456177,0.6070895195007324,0.0,Safe-class pixels rejected because of too_high_risk
risk_84,too_high_risk,320,68,1785,52,38,0.4906204342842102,0.43754929304122925,0.0,Safe-class pixels rejected because of too_high_risk
risk_85,too_high_risk,789,1216,1988,62,57,0.47530025243759155,0.5300188064575195,0.0,Safe-class pixels rejected because of too_high_risk
risk_86,too_high_risk,2292,1346,1998,142,221,0.47758838534355164,0.4868285357952118,0.0,Safe-class pixels rejected because of too_high_risk
risk_87,too_high_risk,1145,1217,2064,38,90,0.48305201530456543,0.4699324369430542,0.0,Safe-class pixels rejected because of too_high_risk
risk_88,too_high_risk,612,1493,2124,44,52,0.47352680563926697,0.4498394727706909,0.0,Safe-class pixels rejected because of too_high_risk
risk_89,too_high_risk,10,1490,2131,3,5,0.460076242685318,0.23436608910560608,0.0,Safe-class pixels rejected because of too_high_risk
risk_90,too_high_risk,855,1327,2163,51,62,0.466058611869812,0.6508986353874207,0.0,Safe-class pixels rejected because of too_high_risk
surface_2,footprint_does_not_fit,4136,3311,0,64,94,0.23725628852844238,0.8889459371566772,27.0,Valid-surface component failed landing requirements
surface_3,too_small;footprint_does_not_fit,140,3299,201,14,15,0.4357423484325409,0.7745863199234009,5.830951690673828,Valid-surface component failed landing requirements
surface_4,footprint_does_not_fit;low_confidence,2184,0,202,68,47,0.3654320240020752,0.3838982880115509,19.416488647460938,Valid-surface component failed landing requirements
surface_5,too_small;footprint_does_not_fit;low_confidence,13,983,306,3,9,0.3593921363353729,0.2817552089691162,1.0,Valid-surface component failed landing requirements
surface_6,too_small;footprint_does_not_fit;low_confidence,10,1410,422,2,7,0.3318053185939789,0.38428348302841187,1.0,Valid-surface component failed landing requirements
surface_7,too_small;footprint_does_not_fit;low_confidence,46,0,889,7,11,0.4449003040790558,0.3638799786567688,3.0,Valid-surface component failed landing requirements
surface_8,footprint_does_not_fit,42570,0,1282,462,246,0.3680837154388428,0.6956992745399475,52.32590103149414,Valid-surface component failed landing requirements
surface_9,too_small;footprint_does_not_fit;low_confidence,4,1067,1342,2,2,0.349254310131073,0.4300118684768677,1.0,Valid-surface component failed landing requirements
surface_10,footprint_does_not_fit,17313,1248,1363,204,228,0.2807731628417969,0.7001990675926208,42.48529052734375,Valid-surface component failed landing requirements
surface_11,too_small;footprint_does_not_fit;low_confidence,85,1242,1380,7,19,0.3559826910495758,0.3283945620059967,2.8284270763397217,Valid-surface component failed landing requirements
surface_12,too_small;footprint_does_not_fit;low_confidence,44,1250,1400,8,8,0.35283511877059937,0.29962828755378723,3.0,Valid-surface component failed landing requirements
surface_13,too_small;footprint_does_not_fit,38,1204,1426,8,11,0.44688281416893005,0.5382476449012756,2.8284270763397217,Valid-surface component failed landing requirements
surface_14,too_small;footprint_does_not_fit;low_confidence,1,1042,1454,1,1,0.3690233826637268,0.3627035617828369,1.0,Valid-surface component failed landing requirements
surface_15,footprint_does_not_fit,9324,1370,1519,218,166,0.41588032245635986,0.6452245712280273,23.323806762695312,Valid-surface component failed landing requirements
surface_16,too_small;footprint_does_not_fit;low_confidence,6,1403,1698,3,3,0.36104944348335266,0.3157215118408203,1.0,Valid-surface component failed landing requirements
surface_17,footprint_does_not_fit;low_confidence,2475,1465,2043,63,121,0.3646079897880554,0.33755505084991455,11.0,Valid-surface component failed landing requirements
surface_18,too_small;footprint_does_not_fit,55,1899,2112,5,22,0.3063121438026428,0.9165028929710388,2.2360680103302,Valid-surface component failed landing requirements
surface_19,too_small;footprint_does_not_fit;low_confidence,6,1513,2176,2,4,0.3932805359363556,0.15616711974143982,1.0,Valid-surface component failed landing requirements
surface_20,too_small;footprint_does_not_fit;low_confidence,1,1512,2181,1,1,0.39357003569602966,0.15985240042209625,1.0,Valid-surface component failed landing requirements
surface_21,too_small;footprint_does_not_fit;low_confidence,4,1486,2194,3,2,0.3814866244792938,0.23009280860424042,1.0,Valid-surface component failed landing requirements
